schema_version,sample_id,source_pdb_id,split,status,reason,raw_path,raw_file_sha256,shard_id,tensor_key,pair_id,direction,condition_chain_id,target_chain_id,split_group,record_index,peptide_length,pocket_size,target_interface_residue_count,target_source_length,target_start,target_stop,fragment_index
apexgen.manifest.v0,5hga:chain0-chain1:a_to_b:fragment10-14,5hga,smoke,included,,/data2/xiaoqiong/python_project/Datasets/apexgen-joint-v2-sequence-structure-codesign/artifacts/datasets/boltzgen_native_four_20260920/dataset/sources/db58fb2d083ca2a3af766f382475713bfff4935039852464d87f0d2e864042b6.npz,db58fb2d083ca2a3af766f382475713bfff4935039852464d87f0d2e864042b6,shard-00000.lmdb,5hga:chain0-chain1:a_to_b:fragment10-14,5hga:chain0-chain1,a_to_b,A1,B1,5hga,0,4,28,4,100,10,14,4
apexgen.manifest.v0,5hga:chain0-chain1:a_to_b:fragment31-35,5hga,smoke,included,,/data2/xiaoqiong/python_project/Datasets/apexgen-joint-v2-sequence-structure-codesign/artifacts/datasets/boltzgen_native_four_20260920/dataset/sources/db58fb2d083ca2a3af766f382475713bfff4935039852464d87f0d2e864042b6.npz,db58fb2d083ca2a3af766f382475713bfff4935039852464d87f0d2e864042b6,shard-00000.lmdb,5hga:chain0-chain1:a_to_b:fragment31-35,5hga:chain0-chain1,a_to_b,A1,B1,5hga,1,4,47,4,100,31,35,8
apexgen.manifest.v0,5hga:chain0-chain1:a_to_b:fragment53-58,5hga,smoke,included,,/data2/xiaoqiong/python_project/Datasets/apexgen-joint-v2-sequence-structure-codesign/artifacts/datasets/boltzgen_native_four_20260920/dataset/sources/db58fb2d083ca2a3af766f382475713bfff4935039852464d87f0d2e864042b6.npz,db58fb2d083ca2a3af766f382475713bfff4935039852464d87f0d2e864042b6,shard-00000.lmdb,5hga:chain0-chain1:a_to_b:fragment53-58,5hga:chain0-chain1,a_to_b,A1,B1,5hga,2,5,89,5,100,53,58,9
apexgen.manifest.v0,5hga:chain0-chain1:a_to_b:fragment59-64,5hga,smoke,included,,/data2/xiaoqiong/python_project/Datasets/apexgen-joint-v2-sequence-structure-codesign/artifacts/datasets/boltzgen_native_four_20260920/dataset/sources/db58fb2d083ca2a3af766f382475713bfff4935039852464d87f0d2e864042b6.npz,db58fb2d083ca2a3af766f382475713bfff4935039852464d87f0d2e864042b6,shard-00000.lmdb,5hga:chain0-chain1:a_to_b:fragment59-64,5hga:chain0-chain1,a_to_b,A1,B1,5hga,3,5,81,5,100,59,64,10
apexgen.manifest.v0,5hga:chain0-chain1:b_to_a:fragment119-123,5hga,smoke,included,,/data2/xiaoqiong/python_project/Datasets/apexgen-joint-v2-sequence-structure-codesign/artifacts/datasets/boltzgen_native_four_20260920/dataset/sources/db58fb2d083ca2a3af766f382475713bfff4935039852464d87f0d2e864042b6.npz,db58fb2d083ca2a3af766f382475713bfff4935039852464d87f0d2e864042b6,shard-00000.lmdb,5hga:chain0-chain1:b_to_a:fragment119-123,5hga:chain0-chain1,b_to_a,B1,A1,5hga,4,4,27,4,275,119,123,12
apexgen.manifest.v0,5hga:chain0-chain1:b_to_a:fragment231-239,5hga,smoke,included,,/data2/xiaoqiong/python_project/Datasets/apexgen-joint-v2-sequence-structure-codesign/artifacts/datasets/boltzgen_native_four_20260920/dataset/sources/db58fb2d083ca2a3af766f382475713bfff4935039852464d87f0d2e864042b6.npz,db58fb2d083ca2a3af766f382475713bfff4935039852464d87f0d2e864042b6,shard-00000.lmdb,5hga:chain0-chain1:b_to_a:fragment231-239,5hga:chain0-chain1,b_to_a,B1,A1,5hga,5,8,67,8,275,231,239,17
apexgen.manifest.v0,5hga:chain0-chain2:a_to_b:fragment0-8,5hga,smoke,included,,/data2/xiaoqiong/python_project/Datasets/apexgen-joint-v2-sequence-structure-codesign/artifacts/datasets/boltzgen_native_four_20260920/dataset/sources/db58fb2d083ca2a3af766f382475713bfff4935039852464d87f0d2e864042b6.npz,db58fb2d083ca2a3af766f382475713bfff4935039852464d87f0d2e864042b6,shard-00000.lmdb,5hga:chain0-chain2:a_to_b:fragment0-8,5hga:chain0-chain2,a_to_b,A1,C1,5hga,6,8,156,8,8,0,8,0
apexgen.manifest.v0,5k9s:chain0-chain1:a_to_b:fragment0-9,5k9s,smoke,included,,/data2/xiaoqiong/python_project/Datasets/apexgen-joint-v2-sequence-structure-codesign/artifacts/datasets/boltzgen_native_four_20260920/dataset/sources/1fc381cd24f3d39d12c01e309172355c4c1440e651dcb6711869868e43afe98e.npz,1fc381cd24f3d39d12c01e309172355c4c1440e651dcb6711869868e43afe98e,shard-00000.lmdb,5k9s:chain0-chain1:a_to_b:fragment0-9,5k9s:chain0-chain1,a_to_b,A1,B1,5k9s,7,9,154,9,11,0,9,0
apexgen.manifest.v0,5k9s:chain0-chain1:b_to_a:fragment32-36,5k9s,smoke,included,,/data2/xiaoqiong/python_project/Datasets/apexgen-joint-v2-sequence-structure-codesign/artifacts/datasets/boltzgen_native_four_20260920/dataset/sources/1fc381cd24f3d39d12c01e309172355c4c1440e651dcb6711869868e43afe98e.npz,1fc381cd24f3d39d12c01e309172355c4c1440e651dcb6711869868e43afe98e,shard-00000.lmdb,5k9s:chain0-chain1:b_to_a:fragment32-36,5k9s:chain0-chain1,b_to_a,B1,A1,5k9s,8,4,9,4,458,32,36,1
apexgen.manifest.v0,5k9s:chain0-chain1:b_to_a:fragment76-81,5k9s,smoke,included,,/data2/xiaoqiong/python_project/Datasets/apexgen-joint-v2-sequence-structure-codesign/artifacts/datasets/boltzgen_native_four_20260920/dataset/sources/1fc381cd24f3d39d12c01e309172355c4c1440e651dcb6711869868e43afe98e.npz,1fc381cd24f3d39d12c01e309172355c4c1440e651dcb6711869868e43afe98e,shard-00000.lmdb,5k9s:chain0-chain1:b_to_a:fragment76-81,5k9s:chain0-chain1,b_to_a,B1,A1,5k9s,9,5,9,5,458,76,81,6
apexgen.manifest.v0,5k9s:chain0-chain2:a_to_b:fragment1-7,5k9s,smoke,included,,/data2/xiaoqiong/python_project/Datasets/apexgen-joint-v2-sequence-structure-codesign/artifacts/datasets/boltzgen_native_four_20260920/dataset/sources/1fc381cd24f3d39d12c01e309172355c4c1440e651dcb6711869868e43afe98e.npz,1fc381cd24f3d39d12c01e309172355c4c1440e651dcb6711869868e43afe98e,shard-00000.lmdb,5k9s:chain0-chain2:a_to_b:fragment1-7,5k9s:chain0-chain2,a_to_b,A1,C1,5k9s,10,6,123,6,11,1,7,0
apexgen.manifest.v0,5k9s:chain0-chain2:b_to_a:fragment249-254,5k9s,smoke,included,,/data2/xiaoqiong/python_project/Datasets/apexgen-joint-v2-sequence-structure-codesign/artifacts/datasets/boltzgen_native_four_20260920/dataset/sources/1fc381cd24f3d39d12c01e309172355c4c1440e651dcb6711869868e43afe98e.npz,1fc381cd24f3d39d12c01e309172355c4c1440e651dcb6711869868e43afe98e,shard-00000.lmdb,5k9s:chain0-chain2:b_to_a:fragment249-254,5k9s:chain0-chain2,b_to_a,C1,A1,5k9s,11,5,10,5,458,249,254,3
apexgen.manifest.v0,4ep3:chain0-chain5:a_to_b:fragment0-9,4ep3,smoke,included,,/data2/xiaoqiong/python_project/Datasets/apexgen-joint-v2-sequence-structure-codesign/artifacts/datasets/boltzgen_native_four_20260920/dataset/sources/c4fb5742f3734dd2db33a996922c5e213e0706e7b352db09bb316607e90f90df.npz,c4fb5742f3734dd2db33a996922c5e213e0706e7b352db09bb316607e90f90df,shard-00000.lmdb,4ep3:chain0-chain5:a_to_b:fragment0-9,4ep3:chain0-chain5,a_to_b,A1,B1,4ep3,12,9,134,9,9,0,9,0
apexgen.manifest.v0,4ep3:chain0-chain5:b_to_a:fragment26-30,4ep3,smoke,included,,/data2/xiaoqiong/python_project/Datasets/apexgen-joint-v2-sequence-structure-codesign/artifacts/datasets/boltzgen_native_four_20260920/dataset/sources/c4fb5742f3734dd2db33a996922c5e213e0706e7b352db09bb316607e90f90df.npz,c4fb5742f3734dd2db33a996922c5e213e0706e7b352db09bb316607e90f90df,shard-00000.lmdb,4ep3:chain0-chain5:b_to_a:fragment26-30,4ep3:chain0-chain5,b_to_a,B1,A1,4ep3,13,4,8,4,203,26,30,3
apexgen.manifest.v0,4ep3:chain0-chain5:b_to_a:fragment44-50,4ep3,smoke,included,,/data2/xiaoqiong/python_project/Datasets/apexgen-joint-v2-sequence-structure-codesign/artifacts/datasets/boltzgen_native_four_20260920/dataset/sources/c4fb5742f3734dd2db33a996922c5e213e0706e7b352db09bb316607e90f90df.npz,c4fb5742f3734dd2db33a996922c5e213e0706e7b352db09bb316607e90f90df,shard-00000.lmdb,4ep3:chain0-chain5:b_to_a:fragment44-50,4ep3:chain0-chain5,b_to_a,B1,A1,4ep3,14,6,9,6,203,44,50,5
apexgen.manifest.v0,4ep3:chain0-chain5:b_to_a:fragment130-134,4ep3,smoke,included,,/data2/xiaoqiong/python_project/Datasets/apexgen-joint-v2-sequence-structure-codesign/artifacts/datasets/boltzgen_native_four_20260920/dataset/sources/c4fb5742f3734dd2db33a996922c5e213e0706e7b352db09bb316607e90f90df.npz,c4fb5742f3734dd2db33a996922c5e213e0706e7b352db09bb316607e90f90df,shard-00000.lmdb,4ep3:chain0-chain5:b_to_a:fragment130-134,4ep3:chain0-chain5,b_to_a,B1,A1,4ep3,15,4,7,4,203,130,134,13
apexgen.manifest.v0,4ep3:chain0-chain5:b_to_a:fragment148-154,4ep3,smoke,included,,/data2/xiaoqiong/python_project/Datasets/apexgen-joint-v2-sequence-structure-codesign/artifacts/datasets/boltzgen_native_four_20260920/dataset/sources/c4fb5742f3734dd2db33a996922c5e213e0706e7b352db09bb316607e90f90df.npz,c4fb5742f3734dd2db33a996922c5e213e0706e7b352db09bb316607e90f90df,shard-00000.lmdb,4ep3:chain0-chain5:b_to_a:fragment148-154,4ep3:chain0-chain5,b_to_a,B1,A1,4ep3,16,6,9,6,203,148,154,15
apexgen.manifest.v0,7yxn:chain0-chain4:a_to_b:fragment0-6,7yxn,smoke,included,,/data2/xiaoqiong/python_project/Datasets/apexgen-joint-v2-sequence-structure-codesign/artifacts/datasets/boltzgen_native_four_20260920/dataset/sources/827a7a9a4fd8e467e7d9f9de83ae30c0f36ed0cc26e20220c93f0ad7c6175a40.npz,827a7a9a4fd8e467e7d9f9de83ae30c0f36ed0cc26e20220c93f0ad7c6175a40,shard-00000.lmdb,7yxn:chain0-chain4:a_to_b:fragment0-6,7yxn:chain0-chain4,a_to_b,A1,C1,7yxn,17,6,67,6,11,0,6,0
apexgen.manifest.v0,7yxn:chain0-chain4:a_to_b:fragment7-11,7yxn,smoke,included,,/data2/xiaoqiong/python_project/Datasets/apexgen-joint-v2-sequence-structure-codesign/artifacts/datasets/boltzgen_native_four_20260920/dataset/sources/827a7a9a4fd8e467e7d9f9de83ae30c0f36ed0cc26e20220c93f0ad7c6175a40.npz,827a7a9a4fd8e467e7d9f9de83ae30c0f36ed0cc26e20220c93f0ad7c6175a40,shard-00000.lmdb,7yxn:chain0-chain4:a_to_b:fragment7-11,7yxn:chain0-chain4,a_to_b,A1,C1,7yxn,18,4,67,4,11,7,11,1
